gouri 234 Gouri_Agarwal gouriagarwal@gmail.com
shyam 123 Shyam_Rathore shyamrathore@gmail.com
harris 567 Harris_Jonathan jonathanharris@gmail.com
